article_url,title,date,publication_type,status,source_file,duplicate_of
https://www.transportenvironment.org/articles/te-response-vat-consultation,T&E response to the VAT consultation,2011-06-09T01:00:00,News,included,t-e-response-to-the-vat-consultation.md,
https://www.transportenvironment.org/articles/allocating-aviation-co2-emissions,Allocating aviation CO2 emissions – The airspace-based approach and its alternatives,2013-01-21T01:00:00,Briefing,included,allocating-aviation-co2-emissions-the-airspace-based-approach-and-its-alternativ.md,
https://www.transportenvironment.org/articles/billion-euro-aviation-bonanza-aviations-participation-eu-ets,The Billion Euro Aviation Bonanza – Aviation's Participation in the EU ETS,2013-01-22T01:00:00,Report,included,the-billion-euro-aviation-bonanza-aviation-s-participation-in-the-eu-ets.md,
https://www.transportenvironment.org/articles/does-aviation-pay-its-way,Does aviation pay its way?,2013-07-24T01:00:00,Report,included,does-aviation-pay-its-way.md,
https://www.transportenvironment.org/articles/letter-commission-icao-assembly,Letter to the Commission on ICAO Assembly,2013-09-23T01:00:00,Letter,included,letter-to-the-commission-on-icao-assembly.md,
https://www.transportenvironment.org/articles/open-letter-german-government-provide-public-proof-german-enforcement-ets,Open letter to the German government to provide public proof of German enforcement of the ETS,2014-04-29T01:00:00,Letter,included,open-letter-to-the-german-government-to-provide-public-proof-of-german-enforceme.md,
https://www.transportenvironment.org/articles/how-incentivise-renewable-aviation-fuels-through-renewable-energy-directive,How to incentivise renewable aviation fuels through the Renewable Energy Directive,2017-09-05T01:00:00,Briefing,included,how-to-incentivise-renewable-aviation-fuels-through-the-renewable-energy-directi.md,
https://www.transportenvironment.org/articles/countries-reject-plan-aviation-biofuels-targets,Countries reject plan for aviation biofuels targets,2017-10-14T01:00:00,Press release,included,countries-reject-plan-for-aviation-biofuels-targets.md,
https://www.transportenvironment.org/articles/aviation-biofuels-target-rejected,Aviation biofuels target rejected,2017-10-30T01:00:00,News,included,aviation-biofuels-target-rejected.md,
https://www.transportenvironment.org/articles/eu-commission-surrenders-united-nations-icao-aviation-biofuels,EU Commission surrenders to United Nations' ICAO on aviation biofuels,2017-11-10T01:00:00,Press release,included,eu-commission-surrenders-to-united-nations-icao-on-aviation-biofuels.md,
https://www.transportenvironment.org/articles/aviation-carbon-offsetting-scheme-icao-circulates-draft-rules,Aviation carbon offsetting scheme: ICAO circulates draft rules,2018-01-09T01:00:00,News,included,aviation-carbon-offsetting-scheme-icao-circulates-draft-rules.md,
https://www.transportenvironment.org/articles/timmermans-must-make-concrete-proposals-deliver-european-green-deal,Timmermans must make concrete proposals to deliver a European Green Deal,2019-10-08T01:00:00,Press release,included,timmermans-must-make-concrete-proposals-to-deliver-a-european-green-deal.md,
https://www.transportenvironment.org/articles/understanding-indirect-land-use-change-analysis-corsia,Understanding the indirect land use change analysis for Corsia,2020-02-03T01:00:00,Report,included,understanding-the-indirect-land-use-change-analysis-for-corsia.md,
https://www.transportenvironment.org/articles/eu-strategy-smart-sector-integration,EU strategy for Smart Sector Integration,2020-06-02T01:00:00,Consultation response,included,eu-strategy-for-smart-sector-integration.md,
https://www.transportenvironment.org/articles/how-eu-legislation-can-drive-uptake-sustainable-advanced-fuels-aviation,How EU legislation can drive an uptake of sustainable advanced fuels in aviation,2020-07-16T01:00:00,Briefing,included,how-eu-legislation-can-drive-an-uptake-of-sustainable-advanced-fuels-in-aviation.md,
https://www.transportenvironment.org/articles/revision-eu-ets-aviation,Revision of the EU ETS for aviation,2020-09-04T01:00:00,Briefing,included,revision-of-the-eu-ets-for-aviation.md,
https://www.transportenvironment.org/articles/which-renewable-transport-fuels-deliver-substantial-carbon-reductions,Which renewable transport fuels deliver substantial carbon reductions?,2020-09-22T01:00:00,Consultation response,included,which-renewable-transport-fuels-deliver-substantial-carbon-reductions.md,
https://www.transportenvironment.org/articles/costs-eu-ets-and-corsia-european-aviation,The costs of EU ETS and Corsia for European aviation,2020-09-23T01:00:00,Report,included,the-costs-of-eu-ets-and-corsia-for-european-aviation.md,
https://www.transportenvironment.org/articles/tes-response-roadmap-consultation-inception-impact-assessment-revision-directive-eu,T&E's response to roadmap consultation on the inception impact assessment for the Revision of Directive (EU) 2018/2001 on the promotion of the use of energy from renewable sources,2020-09-25T01:00:00,Consultation response,included,t-e-s-response-to-roadmap-consultation-on-the-inception-impact-assessment-for-th.md,
https://www.transportenvironment.org/articles/making-aviation-ets-fit-purpose,Making the aviation ETS fit for purpose,2020-11-29T01:00:00,Report,included,making-the-aviation-ets-fit-for-purpose.md,
https://www.transportenvironment.org/articles/response-emissions-trading-system-ets-inception-impact-assessment,Response to the Emissions Trading System (ETS) inception impact assessment,2020-11-30T01:00:00,Consultation response,included,response-to-the-emissions-trading-system-ets-inception-impact-assessment.md,
https://www.transportenvironment.org/articles/airline-beggars-cant-be-choosers,Airline beggars can't be choosers,2020-12-03T01:00:00,Op-ed,included,airline-beggars-can-t-be-choosers.md,
https://www.transportenvironment.org/articles/e-fuel-would-be-wasted-cars-while-its-badly-needed-decarbonise-planes-and-ships-study,E-fuel would be wasted on cars while it's badly needed to decarbonise planes and ships – study,2020-12-07T01:00:00,Press release,included,e-fuel-would-be-wasted-on-cars-while-it-s-badly-needed-to-decarbonise-planes-and.md,
https://www.transportenvironment.org/articles/electrofuels-yes-we-can-if-were-efficient,"Electrofuels? Yes, we can … if we're efficient",2020-12-07T01:00:00,Report,included,electrofuels-yes-we-can-if-we-re-efficient.md,
https://www.transportenvironment.org/articles/eu-transport-plan-big-step-risks-rerun-biofuels-fiasco,EU transport plan a big step but risks rerun of biofuels fiasco,2020-12-09T01:00:00,Press release,included,eu-transport-plan-a-big-step-but-risks-rerun-of-biofuels-fiasco.md,
https://www.transportenvironment.org/articles/making-aviation-fuel-mandates-sustainable,Making aviation fuel mandates sustainable,2020-12-16T01:00:00,Briefing,included,making-aviation-fuel-mandates-sustainable.md,
https://www.transportenvironment.org/articles/plans-green-jet-fuels-threaten-repeat-biofuels-mistakes-analysis,Plans for 'green' jet fuels threaten to repeat biofuels mistakes – analysis,2020-12-16T01:00:00,Press release,included,plans-for-green-jet-fuels-threaten-to-repeat-biofuels-mistakes-analysis.md,
https://www.transportenvironment.org/articles/return-climate-chancellor,The return of the Climate Chancellor?,2020-12-19T01:00:00,Op-ed,included,the-return-of-the-climate-chancellor.md,
https://www.transportenvironment.org/articles/four-positives-sustainable-aviation-annus-horribilis,Four positives for sustainable aviation in this annus horribilis,2020-12-21T01:00:00,Op-ed,included,four-positives-for-sustainable-aviation-in-this-annus-horribilis.md,
https://www.transportenvironment.org/articles/how-ensure-sustainability-electrofuels,How to ensure the sustainability of electrofuels,2021-01-19T01:00:00,Briefing,included,how-to-ensure-the-sustainability-of-electrofuels.md,
https://www.transportenvironment.org/articles/green-jet-fuel-plans-risk-history-repeating-itself,Green jet fuel plans risk history repeating itself,2021-01-21T01:00:00,News,included,green-jet-fuel-plans-risk-history-repeating-itself.md,
https://www.transportenvironment.org/articles/faq-what-and-how-e-kerosene,FAQ: the what and how of e-kerosene,2021-02-05T01:00:00,Briefing,included,faq-the-what-and-how-of-e-kerosene.md,
https://www.transportenvironment.org/articles/aviation-industrys-net-zero-plan-over-reliant-future-technologies,Aviation industry's net zero plan over-reliant on future technologies,2021-02-25T01:00:00,News,included,aviation-industry-s-net-zero-plan-over-reliant-on-future-technologies.md,
https://www.transportenvironment.org/articles/first-passenger-flight-performed-using-clean-fuels-sort,First passenger flight performed using clean fuels. Sort of.,2021-02-25T01:00:00,News,included,first-passenger-flight-performed-using-clean-fuels-sort-of.md,
https://www.transportenvironment.org/articles/ngos-and-aviation-sector-call-long-haul-emissions-be-covered-eus-sustainable-aviation-fuels,NGOs and aviation sector call for long-haul emissions to be covered by EU's Sustainable Aviation Fuels mandate,2021-03-11T01:00:00,Press release,included,ngos-and-aviation-sector-call-for-long-haul-emissions-to-be-covered-by-eu-s-sust.md,
https://www.transportenvironment.org/articles/eus-assessment-corsia-airline-co2-deal,The EU's assessment of the Corsia airline CO2 deal,2021-03-17T01:00:00,Briefing,included,the-eu-s-assessment-of-the-corsia-airline-co2-deal.md,
https://www.transportenvironment.org/articles/one-year-airline-bailouts-what-have-we-learned,One year of airline bailouts: what have we learned?,2021-03-29T01:00:00,Briefing,included,one-year-of-airline-bailouts-what-have-we-learned.md,
https://www.transportenvironment.org/articles/lufthansa-ba-air-france-were-europes-most-polluting-airlines-pre-covid,"Lufthansa, BA, Air France were Europe's most polluting airlines pre-Covid",2021-03-29T01:00:00,Press release,included,lufthansa-ba-air-france-were-europe-s-most-polluting-airlines-pre-covid.md,
https://www.transportenvironment.org/articles/biggest-airline-polluters-received-biggest-bailouts-new-data-shows,"Biggest airline polluters received the biggest bailouts, new data shows",2021-03-30T01:00:00,News,included,biggest-airline-polluters-received-the-biggest-bailouts-new-data-shows.md,
https://www.transportenvironment.org/articles/advanced-renewable-fuels-eu-transport,Advanced renewable fuels in EU transport,2021-03-31T01:00:00,Report,included,advanced-renewable-fuels-in-eu-transport.md,
https://www.transportenvironment.org/te-deutschland/articles/how-decarbonise-long-haul-trucking-germany,Die Dekarbonisierung des Lkw-Fernverkehrs in Deutschland,2021-04-06T01:00:00,Report,included,die-dekarbonisierung-des-lkw-fernverkehrs-in-deutschland.md,
https://www.transportenvironment.org/articles/europes-surging-demand-used-cooking-oil-could-fuel-deforestation,Europe's surging demand for used cooking oil could fuel deforestation,2021-04-19T01:00:00,Report,included,europe-s-surging-demand-for-used-cooking-oil-could-fuel-deforestation.md,
https://www.transportenvironment.org/articles/unlocking-electric-trucking-eu-recharging-along-highways,Unlocking electric trucking in the EU: recharging along highways,2021-04-21T01:00:00,Report,included,unlocking-electric-trucking-in-the-eu-recharging-along-highways.md,
https://www.transportenvironment.org/articles/only-third-business-flyers-expect-return-normal,Only a third of business flyers expect to return to normal,2021-04-29T01:00:00,News,included,only-a-third-of-business-flyers-expect-to-return-to-normal.md,
https://www.transportenvironment.org/articles/can-airbus-deliver-guilt-free-flying,Can Airbus deliver guilt-free flying?,2021-04-29T01:00:00,Op-ed,included,can-airbus-deliver-guilt-free-flying.md,
https://www.transportenvironment.org/articles/how-regulation-is-failing-to-electrify-europes-van-market,How regulation is failing to electrify Europe's van market,2021-05-10T01:00:00,Report,included,how-regulation-is-failing-to-electrify-europe-s-van-market.md,
https://www.transportenvironment.org/articles/e-kerosene-mandate-key-steps-for-refueleu-success,E-kerosene mandate: key steps for ReFuelEU success,2021-05-11T01:00:00,Briefing,included,e-kerosene-mandate-key-steps-for-refueleu-success.md,
https://www.transportenvironment.org/articles/how-to-make-europes-green-fuels-law-truly-green,How to make Europe's green fuels law truly green,2021-05-27T01:00:00,Briefing,included,how-to-make-europe-s-green-fuels-law-truly-green.md,
https://www.transportenvironment.org/articles/private-jets-can-the-super-rich-supercharge-zero-emission-aviation,Private jets: can the super-rich supercharge zero-emission aviation?,2021-05-27T01:00:00,Report,included,private-jets-can-the-super-rich-supercharge-zero-emission-aviation.md,
https://www.transportenvironment.org/articles/rising-use-of-private-jets-sends-co2-emissions-soaring,Rising use of private jets sends CO2 emissions soaring,2021-05-27T01:00:00,Press release,included,rising-use-of-private-jets-sends-co2-emissions-soaring.md,
https://www.transportenvironment.org/articles/germany-raises-climate-target-following-epoch-making-supreme-court-decision,"Germany raises climate target following ""epoch-making"" supreme court decision",2021-05-28T01:00:00,News,included,germany-raises-climate-target-following-epoch-making-supreme-court-decision.md,
https://www.transportenvironment.org/articles/the-uks-green-jet-fuel-mandate-needs-robust-sustainability-criteria-to-set-aviation-on-a-net-zero-flightpath,The UK's green jet fuel mandate needs robust sustainability criteria to set aviation on a net-zero flightpath,2021-06-15T01:00:00,Letter,included,the-uk-s-green-jet-fuel-mandate-needs-robust-sustainability-criteria-to-set-avia.md,
https://www.transportenvironment.org/articles/next-steps-for-the-uks-air-passenger-duty,Next steps for the UK's Air Passenger Duty,2021-06-24T01:00:00,News,included,next-steps-for-the-uk-s-air-passenger-duty.md,
https://www.transportenvironment.org/articles/easyjets-new-domestic-routes-fly-in-the-face-of-environmental-spin,Easyjet's new domestic routes fly in the face of environmental spin,2021-06-29T01:00:00,News,included,easyjet-s-new-domestic-routes-fly-in-the-face-of-environmental-spin.md,
https://www.transportenvironment.org/articles/the-five-tests-awaiting-the-eus-big-fit-for-55-climate-push,The five tests awaiting the EU's big 'Fit for 55' climate push,2021-06-29T01:00:00,Op-ed,included,the-five-tests-awaiting-the-eu-s-big-fit-for-55-climate-push.md,
https://www.transportenvironment.org/articles/set-ambitious-eu-targets-for-synthetic-jet-fuel-while-preserving-a-level-playing-field-for-airlines-say-te-lufthansa-global-alliance-powerfuels-and-industry,"Set ambitious EU targets for synthetic jet fuel while preserving a level playing field for airlines, say T&E, Lufthansa, Global Alliance Powerfuels and industry",2021-07-02T01:00:00,Press release,included,set-ambitious-eu-targets-for-synthetic-jet-fuel-while-preserving-a-level-playing.md,
https://www.transportenvironment.org/articles/now-is-the-time-for-an-ambitious-european-e-kerosene-target,Now is the time for an ambitious European e-kerosene target,2021-07-02T01:00:00,Letter,included,now-is-the-time-for-an-ambitious-european-e-kerosene-target.md,
https://www.transportenvironment.org/articles/why-direct-air-capture-holds-one-of-the-keys-to-sustainable-aviation,Why direct air capture holds one of the keys to sustainable aviation,2021-07-06T01:00:00,Report,included,why-direct-air-capture-holds-one-of-the-keys-to-sustainable-aviation.md,
https://www.transportenvironment.org/articles/eu-axes-airlines-fuel-tax-exemption-in-drive-for-greener-fuels,EU axes airlines' fuel tax exemption in drive for greener fuels,2021-07-14T01:00:00,Press release,included,eu-axes-airlines-fuel-tax-exemption-in-drive-for-greener-fuels.md,
https://www.transportenvironment.org/articles/decades-of-inaction-on-flyings-climate-impact-are-being-replaced-by-action-but-does-it-go-far-enough,Decades of inaction on flying's climate impact are being replaced by action. But does it go far enough?,2021-07-15T01:00:00,Op-ed,included,decades-of-inaction-on-flying-s-climate-impact-are-being-replaced-by-action-but-.md,
https://www.transportenvironment.org/articles/what-the-eus-climate-plan-means-for-europe,What the EU's climate plan means for Europe,2021-07-15T01:00:00,Op-ed,included,what-the-eu-s-climate-plan-means-for-europe.md,
https://www.transportenvironment.org/articles/aviations-co2-use-it-or-bury-it,Aviation's CO2: use it or bury it?,2021-08-06T01:00:00,Report,included,aviation-s-co2-use-it-or-bury-it.md,
https://www.transportenvironment.org/articles/jet-zero-our-strategy-for-net-zero-aviation-in-the-uk,Jet Zero: our strategy for net zero aviation in the UK,2021-09-20T01:00:00,Briefing,included,jet-zero-our-strategy-for-net-zero-aviation-in-the-uk.md,
https://www.transportenvironment.org/articles/lng-trucks-a-dead-end-bridge,LNG trucks: a dead-end bridge,2021-09-27T01:00:00,Report,included,lng-trucks-a-dead-end-bridge.md,
https://www.transportenvironment.org/articles/eu-truck-targets-too-weak-to-incentivise-the-production-of-enough-zero-emission-vehicles,EU truck targets too weak to incentivise transition to zero-emission vehicles,2021-10-10T01:00:00,Report,included,eu-truck-targets-too-weak-to-incentivise-transition-to-zero-emission-vehicles.md,
https://www.transportenvironment.org/te-deutschland/articles/te-deutschland-und-prognos-studie-masnahmenmix-fur-eine-sozialvertragliche-verkehrswende,Zielpfade Verkehr: Eine Studie von T&E Deutschland und Prognos über sozial gerechte Maßnahmen zur Verkehrswende,2021-10-26T01:00:00,Report,included,zielpfade-verkehr-eine-studie-von-t-e-deutschland-und-prognos-ber-sozial-gerecht.md,
https://www.transportenvironment.org/articles/why-airline-net-zero-commitments-arent-green-at-all,Why airline net zero commitments aren't green at all,2021-10-28T01:00:00,Op-ed,included,why-airline-net-zero-commitments-aren-t-green-at-all.md,
https://www.transportenvironment.org/articles/lift-off-for-e-kerosene-at-first-commercial-factory,Lift off for e-kerosene at first commercial factory,2021-10-28T01:00:00,News,included,lift-off-for-e-kerosene-at-first-commercial-factory.md,
https://www.transportenvironment.org/articles/aviations-climate-pledges-contradicted-by-huge-growth-forecasts,Aviation's climate pledges contradicted by huge growth forecasts,2021-11-26T01:00:00,News,included,aviation-s-climate-pledges-contradicted-by-huge-growth-forecasts.md,
https://www.transportenvironment.org/articles/the-eus-green-fuels-law-a-clean-shift-for-eu-transport-fuels,The EU's green fuels law: A clean shift for EU transport fuels?,2021-11-26T01:00:00,Briefing,included,the-eu-s-green-fuels-law-a-clean-shift-for-eu-transport-fuels.md,
https://www.transportenvironment.org/articles/germany-confirms-end-of-combustion-engine-era-but-doesnt-say-how,Germany confirms end of combustion engine era – but doesn't say how,2021-11-26T01:00:00,News,included,germany-confirms-end-of-combustion-engine-era-but-doesn-t-say-how.md,
https://www.transportenvironment.org/articles/eus-hydrogen-plan-would-heap-additional-pressure-on-energy-prices,EU's hydrogen plan would heap additional pressure on energy prices,2021-12-01T01:00:00,Press release,included,eu-s-hydrogen-plan-would-heap-additional-pressure-on-energy-prices.md,
https://www.transportenvironment.org/articles/magic-green-fuels-why-synthetic-fuels-in-cars-will-not-solve-europes-pollution-problems,Magic green fuels: Why synthetic fuels in cars will not solve Europe's pollution problems,2021-12-06T01:00:00,Report,included,magic-green-fuels-why-synthetic-fuels-in-cars-will-not-solve-europe-s-pollution-.md,
https://www.transportenvironment.org/articles/the-road-to-a-road-ets-how-to-design-a-socially-fair-and-environmentally-effective-system,The road to a road ETS: How to design a socially fair and environmentally effective system,2021-12-15T01:00:00,Briefing,included,the-road-to-a-road-ets-how-to-design-a-socially-fair-and-environmentally-effecti.md,
https://www.transportenvironment.org/articles/made-in-brussels-laws-will-make-or-break-the-global-climate-fight,Made-in-Brussels laws will make or break the global climate fight,2021-12-16T01:00:00,Op-ed,included,made-in-brussels-laws-will-make-or-break-the-global-climate-fight.md,
https://www.transportenvironment.org/articles/would-airlines-benefit-from-evading-eu-climate-measures,Would airlines benefit from evading EU climate measures?,2022-01-06T01:00:00,Press release,included,would-airlines-benefit-from-evading-eu-climate-measures.md,
https://www.transportenvironment.org/articles/assessment-of-carbon-leakage-potential-for-european-aviation,Assessment of carbon leakage potential for European aviation,2022-01-06T01:00:00,Report,included,assessment-of-carbon-leakage-potential-for-european-aviation.md,
https://www.transportenvironment.org/articles/the-good-bad-and-the-ugly-of-saf-mandates,"The good, bad and the ugly of SAF mandates",2022-01-31T01:00:00,News,included,the-good-bad-and-the-ugly-of-saf-mandates.md,
https://www.transportenvironment.org/articles/airlines-ngos-unite-behind-push-for-clean-jet-fuels-in-europe,"Airlines, NGOs unite behind push for clean jet fuels in Europe",2022-02-01T01:00:00,Press release,included,airlines-ngos-unite-behind-push-for-clean-jet-fuels-in-europe.md,
https://www.transportenvironment.org/articles/airlines-call-for-an-end-to-loopholes-in-carbon-market-and-back-european-climate-measures,Airlines call for an end to loopholes in carbon market and back European climate measures,2022-02-04T01:00:00,Press release,included,airlines-call-for-an-end-to-loopholes-in-carbon-market-and-back-european-climate.md,
https://www.transportenvironment.org/articles/the-eus-fuel-maritime-proposal-will-lock-in-gas-until-the-2040s,How to drive the uptake of sustainable fuels in European shipping,2022-02-16T01:00:00,Report,included,how-to-drive-the-uptake-of-sustainable-fuels-in-european-shipping.md,
https://www.transportenvironment.org/articles/refueleu-aviation-proposal-and-direct-air-capture,How can ReFuelEU enable investment in direct air capture?,2022-03-07T01:00:00,News,included,how-can-refueleu-enable-investment-in-direct-air-capture.md,
https://www.transportenvironment.org/articles/2050roadmap,"Why ""flying less"" offers the best path to sustainable aviation",2022-03-08T01:00:00,Report,included,why-flying-less-offers-the-best-path-to-sustainable-aviation.md,
https://www.transportenvironment.org/articles/can-we-count-on-zero-emissions-planes-and-ships,Can we count on zero-emissions planes and ships?,2022-03-14T01:00:00,News,included,can-we-count-on-zero-emissions-planes-and-ships.md,
https://www.transportenvironment.org/articles/how-long-will-flying-less-remain-the-best-way-to-reduce-aviations-climate-impact,How long will flying less remain the best way to reduce aviation's climate impact?,2022-03-14T01:00:00,Op-ed,included,how-long-will-flying-less-remain-the-best-way-to-reduce-aviation-s-climate-impac.md,
https://www.transportenvironment.org/te-france/articles/comment-decarboner-laviation-en-europe-dici-2050,Comment décarboner l'aviation en Europe d'ici 2050?,2022-03-29T01:00:00,News,included,comment-d-carboner-l-aviation-en-europe-d-ici-2050.md,
https://www.transportenvironment.org/te-deutschland/articles/der-wahre-klimaeffekt-des-deutschen-luft-und-seeverkehrs,Der wahre Klimaeffekt des deutschen Luft- und Seeverkehrs,2022-03-29T01:00:00,Report,included,der-wahre-klimaeffekt-des-deutschen-luft-und-seeverkehrs.md,
https://www.transportenvironment.org/articles/non-co2-effects-of-aviation-time-to-finally-address-aviations-full-climate-impact,Non-CO2 effects of aviation: Time to finally address aviation's full climate impact,2022-03-31T01:00:00,News,dropped_duplicate,,comment-d-carboner-l-aviation-en-europe-d-ici-2050.md
https://www.transportenvironment.org/te-deutschland/articles/lufthansa-wirbt-mit-klimaneutraler-zukunft-bemuht-sich-aber-gleichzeitig-um-eine-aufweichung-der-eu-klimabestimmungen,"Lufthansa wirbt mit klimaneutraler Zukunft, bemüht sich aber gleichzeitig um eine Aufweichung der EU-Klimabestimmungen",2022-04-07T01:00:00,Briefing,included,lufthansa-wirbt-mit-klimaneutraler-zukunft-bem-ht-sich-aber-gleichzeitig-um-eine.md,
https://www.transportenvironment.org/articles/europes-largest-airlines-claim-net-zero-future-whilst-lobbying-to-weaken-eus-climate-laws,Europe's largest airlines claim net zero future whilst lobbying to weaken EU's climate laws,2022-04-07T01:00:00,Press release,included,europe-s-largest-airlines-claim-net-zero-future-whilst-lobbying-to-weaken-eu-s-c.md,
https://www.transportenvironment.org/te-france/articles/air-france-annonce-un-avenir-zero-emission-tout-en-menant-des-actions-de-lobbying-pour-attenuer-les-lois-de-lue-sur-le-climat,Air France annonce un avenir zéro émission tout en atténuant les lois de l'UE sur le climat,2022-04-07T01:00:00,Briefing,included,air-france-annonce-un-avenir-z-ro-mission-tout-en-att-nuant-les-lois-de-l-ue-sur.md,
https://www.transportenvironment.org/articles/mitigating-aviations-non-co2-effects-in-the-eus-fit-for-55-package,Mitigating aviation's non-CO2 effects in the EU's Fit for 55 package,2022-04-19T01:00:00,Briefing,included,mitigating-aviation-s-non-co2-effects-in-the-eu-s-fit-for-55-package.md,
https://www.transportenvironment.org/articles/is-it-possible-to-fly-to-new-york-without-emitting-co2,Is it possible to fly to New York without emitting CO2?,2022-04-28T01:00:00,Op-ed,included,is-it-possible-to-fly-to-new-york-without-emitting-co2.md,
https://www.transportenvironment.org/articles/bye_fossil_fuels,Europe's chance to say bye to fossil fuels,2022-05-05T01:00:00,Briefing,included,europe-s-chance-to-say-bye-to-fossil-fuels.md,
https://www.transportenvironment.org/articles/what-the-eu-climate-plan-means-for-aviation-fuel,What the EU climate plan means for aviation fuel,2022-05-31T01:00:00,Briefing,included,what-the-eu-climate-plan-means-for-aviation-fuel.md,
https://www.transportenvironment.org/articles/more-ambitious-european-carbon-market-could-slash-aviation-emissions-by-an-extra-53,More ambitious European carbon market could slash aviation emissions by an extra 53%,2022-06-02T01:00:00,Press release,included,more-ambitious-european-carbon-market-could-slash-aviation-emissions-by-an-extra.md,
https://www.transportenvironment.org/articles/an-carbon-market-that-works-for-the-climate-and-industry,A carbon market that works for the climate and industry,2022-06-03T01:00:00,Letter,included,a-carbon-market-that-works-for-the-climate-and-industry.md,
https://www.transportenvironment.org/articles/analysis-of-green-jet-fuel-production-in-europe,Analysis of green jet fuel production in Europe,2022-06-09T01:00:00,Briefing,included,analysis-of-green-jet-fuel-production-in-europe.md,
https://www.transportenvironment.org/articles/green-aviation-fuels-could-save-5-million-tonnes-of-co2-in-2030,Green aviation fuels could save 5 million tonnes of CO2 in 2030,2022-06-09T01:00:00,Press release,included,green-aviation-fuels-could-save-5-million-tonnes-of-co2-in-2030.md,
https://www.transportenvironment.org/te-deutschland/articles/deutschland-wird-bis-2030-mit-einem-anteil-von-43-an-der-europaischen-produktion-zum-drehkreuz-fur-umweltfreundlichen-flugzeugtreibstoff,Deutschland wird bis 2030 mit einem Anteil von 43 % an der europäischen Produktion zum Drehkreuz für umweltfreundlichen Flugzeugtreibstoff,2022-06-09T01:00:00,Press release,dropped_duplicate,,green-aviation-fuels-could-save-5-million-tonnes-of-co2-in-2030.md
https://www.transportenvironment.org/articles/getting-hydrogen-right-from-the-start,Getting hydrogen right from the start,2022-06-24T01:00:00,Consultation response,included,getting-hydrogen-right-from-the-start.md,
https://www.transportenvironment.org/articles/the-small-price-to-pay-to-clean-up-shipping,The small price to pay to clean up shipping,2022-06-28T01:00:00,Briefing,included,the-small-price-to-pay-to-clean-up-shipping.md,
https://www.transportenvironment.org/articles/eu-governments-approve-exension-of-polluters-pay-principle,EU governments approve extension of polluter pays principle,2022-06-29T01:00:00,Press release,included,eu-governments-approve-extension-of-polluter-pays-principle.md,
https://www.transportenvironment.org/articles/eu-set-for-major-expansion-of-carbon-market,EU set for major expansion of carbon market,2022-06-30T01:00:00,News,included,eu-set-for-major-expansion-of-carbon-market.md,
https://www.transportenvironment.org/articles/refueleu-aviation-tes-recommendations-on-the-biofuel-definition-art-3,ReFuelEU Aviation: T&E's recommendations on the biofuel definition,2022-07-01T01:00:00,Briefing,included,refueleu-aviation-t-e-s-recommendations-on-the-biofuel-definition.md,
https://www.transportenvironment.org/articles/fuels-linked-to-deforestation-and-food-price-increases-risk-flooding-the-european-aviation-market,Fuels linked to deforestation and food price increases risk flooding the European aviation market,2022-07-06T01:00:00,Letter,included,fuels-linked-to-deforestation-and-food-price-increases-risk-flooding-the-europea.md,
https://www.transportenvironment.org/articles/airline-and-green-group-call-on-meps-to-exclude-palm-oil-proposal-for-eu-aviation,Airline and green NGO urge MEPs to exclude palm oil by-products from European aviation,2022-07-06T01:00:00,Letter,included,airline-and-green-ngo-urge-meps-to-exclude-palm-oil-by-products-from-european-av.md,
https://www.transportenvironment.org/articles/eu-lawmakers-stop-controversial-biofuels-from-fuelling-planes,EU lawmakers stop controversial biofuels from fuelling planes,2022-07-07T01:00:00,Press release,included,eu-lawmakers-stop-controversial-biofuels-from-fuelling-planes.md,
https://www.transportenvironment.org/articles/scaling-up-direct-air-capture,Scaling up Direct Air Capture,2022-07-20T01:00:00,Report,included,scaling-up-direct-air-capture.md,
https://www.transportenvironment.org/articles/europe-gets-one-step-closer-to-a-green-flight,Europe gets one step closer to a green flight,2022-07-25T01:00:00,Op-ed,included,europe-gets-one-step-closer-to-a-green-flight.md,
https://www.transportenvironment.org/te-france/articles/deux-euros-suffisent-a-verdir-un-vol-pour-new-york-avec-le-programme-de-lonu-pour-laviation,Deux euros suffisent à « verdir » un vol pour New York avec le programme de l'ONU pour l'aviation,2022-09-23T01:00:00,Press release,included,deux-euros-suffisent-verdir-un-vol-pour-new-york-avec-le-programme-de-l-onu-pour.md,
https://www.transportenvironment.org/articles/pay-e2-to-greenwash-a-flight-to-new-york-with-un-aviation-scheme,Pay €2 to greenwash a flight to New York with UN aviation scheme,2022-09-23T01:00:00,Press release,dropped_duplicate,,deux-euros-suffisent-verdir-un-vol-pour-new-york-avec-le-programme-de-l-onu-pour.md
https://www.transportenvironment.org/articles/the-most-important-piece-of-eu-climate-law-youve-never-heard-of,The most important piece of EU climate law you've never heard of,2022-09-28T01:00:00,Op-ed,included,the-most-important-piece-of-eu-climate-law-you-ve-never-heard-of.md,
https://www.transportenvironment.org/articles/industrial-policy-is-not-a-relic-of-the-past-but-key-to-winning-the-green-energy-race,Industrial policy is not a relic of the past but key to winning the green energy race,2022-09-30T01:00:00,Op-ed,included,industrial-policy-is-not-a-relic-of-the-past-but-key-to-winning-the-green-energy.md,
https://www.transportenvironment.org/articles/a-football-stars-marie-antoinette-moment-and-an-uprising-against-private-jets,A football star's Marie Antoinette moment and an uprising against private jets,2022-09-30T01:00:00,Op-ed,included,a-football-star-s-marie-antoinette-moment-and-an-uprising-against-private-jets.md,
https://www.transportenvironment.org/articles/a-drop-of-e-fuel-in-an-ocean-of-oil,A drop of e-fuel in an ocean of oil,2022-10-04T01:00:00,Report,included,a-drop-of-e-fuel-in-an-ocean-of-oil.md,
https://www.transportenvironment.org/articles/un-body-icao-hails-empty-goal-and-cheap-offsetting-scheme-to-green-aviation,UN body ICAO hails empty goal and cheap offsetting scheme to 'green' aviation,2022-10-07T01:00:00,Press release,included,un-body-icao-hails-empty-goal-and-cheap-offsetting-scheme-to-green-aviation.md,
https://www.transportenvironment.org/articles/third-time-lucky-red-iii-trilogue-another-opportunity-to-move-beyond-unsustainable-fuels,Third time lucky? RED III trilogue another opportunity to move beyond unsustainable fuels,2022-10-20T01:00:00,Briefing,included,third-time-lucky-red-iii-trilogue-another-opportunity-to-move-beyond-unsustainab.md,
https://www.transportenvironment.org/articles/faq-non-co2-mitigation-measures-in-refueleu-and-eu-ets,FAQ: Non-CO2 mitigation measures in ReFuelEU and EU ETS,2022-10-24T01:00:00,Briefing,included,faq-non-co2-mitigation-measures-in-refueleu-and-eu-ets.md,
https://www.transportenvironment.org/articles/majority-of-employees-expect-top-executives-to-set-corporate-flying-reduction-targets-new-survey,Majority of employees expect top executives to set corporate flying reduction targets – new survey,2022-11-03T01:00:00,Press release,included,majority-of-employees-expect-top-executives-to-set-corporate-flying-reduction-ta.md,
https://www.transportenvironment.org/articles/running-a-truck-on-e-diesel-costs-47-more-than-its-battery-electric-counterpart,Running a truck on e-diesel costs 47% more than its battery-electric counterpart,2022-11-15T01:00:00,Press release,included,running-a-truck-on-e-diesel-costs-47-more-than-its-battery-electric-counterpart.md,
https://www.transportenvironment.org/articles/tankering-in-aviation,Tankering in aviation,2022-11-22T01:00:00,Report,included,tankering-in-aviation.md,
https://www.transportenvironment.org/articles/gglobal-powerfuels-alliance-and-te-call-for-an-ambitious-e-kerosene-target,Global Powerfuels Alliance and Transport & Environment call for an ambitious e-kerosene target,2022-11-29T01:00:00,Letter,included,global-powerfuels-alliance-and-transport-environment-call-for-an-ambitious-e-ker.md,
https://www.transportenvironment.org/articles/eu-aviation-deal-will-see-another-lost-decade-in-tackling-emissions,EU aviation deal will see another lost decade in tackling emissions,2022-12-07T01:00:00,Press release,included,eu-aviation-deal-will-see-another-lost-decade-in-tackling-emissions.md,
https://www.transportenvironment.org/articles/aviations-ivory-tower-may-be-starting-to-fall,Aviation's ivory tower may be starting to fall,2022-12-16T01:00:00,Op-ed,included,aviation-s-ivory-tower-may-be-starting-to-fall.md,
https://www.transportenvironment.org/te-france/articles/les-groupes-petroliers-investissent-8-fois-plus-dans-les-biocarburants-que-dans-lhydrogene,Les groupes pétroliers investissent 8 fois plus dans les biocarburants que dans l'hydrogène,2023-01-11T01:00:00,Press release,included,les-groupes-p-troliers-investissent-8-fois-plus-dans-les-biocarburants-que-dans-.md,
https://www.transportenvironment.org/articles/why-we-need-an-e-fuel-mandate-for-ships,Why we need an e-fuel mandate for ships,2023-01-23T01:00:00,Briefing,included,why-we-need-an-e-fuel-mandate-for-ships.md,
https://www.transportenvironment.org/articles/eu-investment-rules-will-greenwash-90-of-airbus-polluting-planes,EU investment rules will greenwash 90% of Airbus' polluting planes,2023-02-17T01:00:00,Press release,included,eu-investment-rules-will-greenwash-90-of-airbus-polluting-planes.md,
https://www.transportenvironment.org/articles/eu-taxonomy-for-aviation-will-von-der-leyen-rubber-stamp-the-biggest-act-of-aviation-greenwashing-in-decades,EU taxonomy for aviation: Will Von der Leyen rubber stamp the biggest act of aviation greenwashing in decades?,2023-02-20T01:00:00,Op-ed,included,eu-taxonomy-for-aviation-will-von-der-leyen-rubber-stamp-the-biggest-act-of-avia.md,
https://www.transportenvironment.org/articles/the-easy-fix-to-air-pollution-linked-to-planes,The easy fix to air pollution linked to planes,2023-02-28T01:00:00,Op-ed,included,the-easy-fix-to-air-pollution-linked-to-planes.md,
https://www.transportenvironment.org/articles/85-of-global-companies-dont-have-credible-plans-to-reduce-corporate-flying-emissions,85% of global companies don't have credible plans to reduce corporate flying emissions,2023-03-15T01:00:00,Press release,included,85-of-global-companies-don-t-have-credible-plans-to-reduce-corporate-flying-emis.md,
https://www.transportenvironment.org/te-france/articles/e-fuels-un-plein-dessence-environ-50-plus-cher-si-lallemagne-obtient-gain-de-cause,E-fuels: Un plein d'essence environ 50% plus cher si l'Allemagne obtient gain de cause,2023-03-22T01:00:00,Press release,included,e-fuels-un-plein-d-essence-environ-50-plus-cher-si-l-allemagne-obtient-gain-de-c.md,
https://www.transportenvironment.org/articles/over-e200-to-fill-up-a-car-the-cost-of-germanys-bid-to-keep-combustion-engines,Over €200 to fill up a car – the cost of Germany's bid to keep combustion engines,2023-03-23T01:00:00,Press release,included,over-200-to-fill-up-a-car-the-cost-of-germany-s-bid-to-keep-combustion-engines.md,
https://www.transportenvironment.org/articles/consultation-response-to-the-caas-call-for-evidence-on-consumer-environmental-information,Consultation response to the CAA's call for evidence on consumer environmental information,2023-04-03T01:00:00,News,included,consultation-response-to-the-caa-s-call-for-evidence-on-consumer-environmental-i.md,
https://www.transportenvironment.org/articles/will-the-aviation-sector-replicate-big-oils-playbook,Will the aviation sector replicate Big Oil's playbook?,2023-04-04T01:00:00,Op-ed,included,will-the-aviation-sector-replicate-big-oil-s-playbook.md,
https://www.transportenvironment.org/te-deutschland/articles/eu-beschliest-weltweit-groste-verordnung-fur-grune-kraftstoffe-in-der-luftfahrt,EU beschließt weltweit größte Verordnung für grüne Kraftstoffe in der Luftfahrt,2023-04-26T01:00:00,Press release,included,eu-beschlie-t-weltweit-gr-te-verordnung-f-r-gr-ne-kraftstoffe-in-der-luftfahrt.md,
https://www.transportenvironment.org/te-france/articles/aviation-lue-saccorde-sur-lun-des-mandats-les-plus-ambitieux-au-monde-en-matiere-de-carburants-durables,Aviation: L'UE s'accorde sur l'un des mandats les plus ambitieux au monde en matière de carburants durables,2023-04-26T01:00:00,Press release,included,aviation-l-ue-s-accorde-sur-l-un-des-mandats-les-plus-ambitieux-au-monde-en-mati.md,
https://www.transportenvironment.org/articles/la-union-europea-acuerda-la-adopcion-del-mandato-mas-ambicioso-del-mundo-en-materia-de-combustibles-verdes-para-la-aviacion,La Unión Europea acuerda la adopción del mandato más ambicioso del mundo en materia de combustibles verdes para la aviación,2023-04-26T01:00:00,Press release,included,la-uni-n-europea-acuerda-la-adopci-n-del-mandato-m-s-ambicioso-del-mundo-en-mate.md,
https://www.transportenvironment.org/articles/eu-agrees-to-worlds-largest-green-fuels-mandate-for-aviation,EU agrees to world's largest green fuels mandate for aviation,2023-04-26T01:00:00,Press release,dropped_duplicate,,aviation-l-ue-s-accorde-sur-l-un-des-mandats-les-plus-ambitieux-au-monde-en-mati.md
https://www.transportenvironment.org/articles/how-the-eu-can-get-its-net-zero-industrial-act-right,How the EU can get its Net Zero Industrial Act right,2023-05-04T01:00:00,Briefing,included,how-the-eu-can-get-its-net-zero-industrial-act-right.md,
https://www.transportenvironment.org/articles/national-energy-and-climate-plans-how-to-deliver-zero-emission-transport,National Energy and Climate Plans: how to deliver zero emission transport,2023-05-16T01:00:00,Briefing,included,national-energy-and-climate-plans-how-to-deliver-zero-emission-transport.md,
https://www.transportenvironment.org/te-france/articles/exploiter-un-avion-a-hydrogene-pourrait-etre-moins-couteux-quun-avion-traditionnel-dici-2035,Exploiter un avion à hydrogène pourrait être moins coûteux qu'un avion traditionnel d'ici 2035,2023-05-22T01:00:00,Press release,included,exploiter-un-avion-hydrog-ne-pourrait-tre-moins-co-teux-qu-un-avion-traditionnel.md,
https://www.transportenvironment.org/articles/running-a-hydrogen-plane-could-be-cheaper-than-traditional-aircraft-by-2035,Running a hydrogen plane could be cheaper than traditional aircraft by 2035,2023-05-22T01:00:00,Press release,dropped_duplicate,,exploiter-un-avion-hydrog-ne-pourrait-tre-moins-co-teux-qu-un-avion-traditionnel.md
https://www.transportenvironment.org/te-deutschland/articles/wasserstoff-flugzeuge-betrieb-konnte-ab-2035-gunstiger-sein-als-traditionell-angetriebene-flugzeuge,Wasserstoff-Flugzeuge: Betrieb könnte ab 2035 günstiger sein als traditionell angetriebene Flugzeuge,2023-05-23T01:00:00,Press release,dropped_duplicate,,exploiter-un-avion-hydrog-ne-pourrait-tre-moins-co-teux-qu-un-avion-traditionnel.md
https://www.transportenvironment.org/articles/pigs-do-fly-the-rise-of-animal-fats-in-european-transport,Pigs do fly: the rise of animal fats in European transport,2023-05-31T01:00:00,Report,included,pigs-do-fly-the-rise-of-animal-fats-in-european-transport.md,
https://www.transportenvironment.org/te-deutschland/articles/schweine-konnen-doch-fliegen-einsatz-von-tierfetten-zum-betrieb-von-autos-und-flugzeugen-immer-unhaltbarer,"""Schweine können doch fliegen"": Einsatz von Tierfetten zum Betrieb von Autos und Flugzeugen immer unhaltbarer",2023-05-31T01:00:00,Press release,included,schweine-k-nnen-doch-fliegen-einsatz-von-tierfetten-zum-betrieb-von-autos-und-fl.md,
https://www.transportenvironment.org/articles/pigs-do-fly-growing-use-of-animal-fats-in-cars-and-planes-increasingly-unsustainable,'Pigs do fly': Growing use of animal fats in cars and planes increasingly unsustainable,2023-05-31T01:00:00,Press release,included,pigs-do-fly-growing-use-of-animal-fats-in-cars-and-planes-increasingly-unsustain.md,
https://www.transportenvironment.org/te-france/articles/lutilisation-de-graisses-animales-dans-les-voitures-et-les-avions-est-de-moins-en-moins-soutenable,L'utilisation de graisses animales dans les voitures et les avions est de moins en moins soutenable,2023-05-31T01:00:00,Press release,included,l-utilisation-de-graisses-animales-dans-les-voitures-et-les-avions-est-de-moins-.md,
https://www.transportenvironment.org/articles/how-to-improve-esg-ratings,How to improve ESG ratings,2023-06-14T01:00:00,Briefing,included,how-to-improve-esg-ratings.md,
https://www.transportenvironment.org/articles/ready-or-not-who-are-the-frontrunners-in-the-global-race-to-clean-up-trucks,Ready or not: Who are the frontrunners in the global race to clean up trucks?,2023-06-19T01:00:00,Report,included,ready-or-not-who-are-the-frontrunners-in-the-global-race-to-clean-up-trucks.md,
https://www.transportenvironment.org/articles/how-the-eus-car-scrapyard-law-can-bring-clean-steel-and-aluminium-to-europe,How the EU's car scrapyard law can bring clean steel and aluminium to Europe,2023-07-06T01:00:00,Op-ed,included,how-the-eu-s-car-scrapyard-law-can-bring-clean-steel-and-aluminium-to-europe.md,
https://www.transportenvironment.org/articles/setting-2040-climate-ambition,Setting 2040 climate ambition,2023-07-11T01:00:00,Publication,included,setting-2040-climate-ambition.md,
https://www.transportenvironment.org/te-deutschland/articles/steuerausnahmen-fur-den-luftverkehr-bundesregierung-hat-sich-2022-vier-milliarden-euro-entgehen-lassen,Steuerausnahmen für den Luftverkehr: Bundesregierung hat sich 2022 vier Milliarden Euro entgehen lassen,2023-07-12T01:00:00,Press release,included,steuerausnahmen-f-r-den-luftverkehr-bundesregierung-hat-sich-2022-vier-milliarde.md,
https://www.transportenvironment.org/te-france/articles/taxes-sur-laviation-la-france-sest-privee-de-47-milliards-deuros-en-2022,"Niches fiscales sur l'aviation : la France s'est privée de 4,7 milliards d'euros en 2022",2023-07-12T01:00:00,Press release,dropped_duplicate,,steuerausnahmen-f-r-den-luftverkehr-bundesregierung-hat-sich-2022-vier-milliarde.md
https://www.transportenvironment.org/te-france/articles/la-gigantesque-dependance-de-leurope-aux-importations-dhuile-de-cuisson-usagee-fait-craindre-des-fraudes,La gigantesque dépendance de l'Europe aux importations d'huile de cuisson usagée fait craindre des fraudes,2023-12-14T01:00:00,Press release,included,la-gigantesque-d-pendance-de-l-europe-aux-importations-d-huile-de-cuisson-usag-e.md,
https://www.transportenvironment.org/articles/e-fuels-for-planes-with-45-projects-is-the-eu-on-track-to-meet-its-targets,"E-fuels for planes: with 45 projects, is the EU on track to meet its targets?",2024-01-24T01:00:00,Press release,included,e-fuels-for-planes-with-45-projects-is-the-eu-on-track-to-meet-its-targets.md,
https://www.transportenvironment.org/te-france/articles/carburants-de-synthese-pour-les-avions-avec-45-projets-lue-est-elle-en-voie-de-respecter-ses-objectifs,"Carburants de synthèse pour les avions : avec 45 projets, l'UE est-elle en voie de respecter ses objectifs ?",2024-01-24T01:00:00,Press release,dropped_duplicate,,e-fuels-for-planes-with-45-projects-is-the-eu-on-track-to-meet-its-targets.md
https://www.transportenvironment.org/articles/what-europe-needs-to-learn-from-the-german-debt-brake-fiasco,What Europe needs to learn from the German debt brake fiasco,2024-02-01T01:00:00,Op-ed,included,what-europe-needs-to-learn-from-the-german-debt-brake-fiasco.md,
https://www.transportenvironment.org/articles/eu-sets-historic-target-to-reduce-emissions-by-2040-but-transport-sector-puts-target-at-risk,EU sets historic target to reduce emissions by 2040 but transport sector puts target at risk,2024-02-06T01:00:00,Press release,included,eu-sets-historic-target-to-reduce-emissions-by-2040-but-transport-sector-puts-ta.md,
https://www.transportenvironment.org/articles/hydrogen-hype-why-the-eu-should-be-cautious-about-uncertain-imports-from-far-flung-places,Hydrogen hype: Why the EU should be cautious about uncertain imports from far-flung places,2024-02-13T01:00:00,Report,included,hydrogen-hype-why-the-eu-should-be-cautious-about-uncertain-imports-from-far-flu.md,
https://www.transportenvironment.org/articles/europes-hydrogen-plans-reliant-on-uncertain-imports-report,Europe's hydrogen plans reliant on uncertain imports – report,2024-02-13T01:00:00,Press release,included,europe-s-hydrogen-plans-reliant-on-uncertain-imports-report.md,
https://www.transportenvironment.org/articles/on-thin-ice-norways-fossil-ambitions-and-the-eus-green-energy-future,On Thin Ice: Norway's Fossil Ambitions and the EU's Green Energy Future,2024-02-21T01:00:00,Report,included,on-thin-ice-norway-s-fossil-ambitions-and-the-eu-s-green-energy-future.md,
https://www.transportenvironment.org/articles/how-is-e-kerosene-developing-in-europe,How is e-kerosene developing in Europe?,2024-02-22T01:00:00,News,included,how-is-e-kerosene-developing-in-europe.md,
https://www.transportenvironment.org/articles/uncovered-italian-oil-giants-african-biofuels-gamble-falls-short-of-green-promises,Uncovered: Italian oil giant's African biofuels gamble falls short,2024-02-24T01:00:00,Press release,included,uncovered-italian-oil-giant-s-african-biofuels-gamble-falls-short.md,
https://www.transportenvironment.org/articles/from-farm-to-fuel-inside-enis-african-biofuels-gamble,From Farm to Fuel: inside Eni's African biofuels gamble,2024-02-24T01:00:00,Report,included,from-farm-to-fuel-inside-eni-s-african-biofuels-gamble.md,
https://www.transportenvironment.org/articles/europes-transport-sector-set-to-make-up-almost-half-of-the-continents-emissions-in-2030,Europe's transport sector set to make up almost half of the continent's emissions in 2030,2024-03-20T01:00:00,Press release,included,europe-s-transport-sector-set-to-make-up-almost-half-of-the-continent-s-emission.md,
https://www.transportenvironment.org/articles/eu-scoreboard,Leading environment and climate organisations score European Parliament's performance on protecting the Green Deal,2024-04-12T01:00:00,Press release,included,leading-environment-and-climate-organisations-score-european-parliament-s-perfor.md,
https://www.transportenvironment.org/articles/low-cost-airlines-pollute-more-than-ever-latest-emissions-data-shows,"Low cost airlines pollute more than ever, latest emissions data shows",2024-04-19T09:00:00,Press release,included,low-cost-airlines-pollute-more-than-ever-latest-emissions-data-shows.md,
https://www.transportenvironment.org/articles/making-evs-fit-for-the-future,Making EVs fit for the future,2024-04-22T15:18:00,Briefing,included,making-evs-fit-for-the-future.md,
https://www.transportenvironment.org/articles/towards-a-eur1-trillion-package-for-europe,Towards a €1 trillion package for Europe,2024-04-23T01:00:00,Briefing,included,towards-a-1-trillion-package-for-europe.md,
https://www.transportenvironment.org/articles/a-streamlined-ev-eco-score-would-encourage-green-made-in-europe-electric-cars,"A streamlined EV 'eco-score' would encourage green, made-in-Europe electric cars",2024-04-24T01:00:00,Op-ed,included,a-streamlined-ev-eco-score-would-encourage-green-made-in-europe-electric-cars.md,
https://www.transportenvironment.org/articles/plane-to-see,Plane to see,2024-05-02T01:00:00,Op-ed,included,plane-to-see.md,
https://www.transportenvironment.org/articles/what-has-the-eu-done-for-the-planet-and-its-citizens,What has the EU done for the planet and its citizens?,2024-05-06T14:49:00,News,included,what-has-the-eu-done-for-the-planet-and-its-citizens.md,
https://www.transportenvironment.org/articles/europe-asia-green-corridors,Europe-Asia Green Corridors,2024-05-24T01:00:00,Briefing,included,europe-asia-green-corridors.md,
https://www.transportenvironment.org/te-deutschland/articles/wer-koennte-die-e-kerosin-produktion-in-deutschland-finanzieren,Wer könnte die E-Kerosin-Produktion in Deutschland finanzieren?,2024-05-29T11:33:00,Briefing,included,wer-k-nnte-die-e-kerosin-produktion-in-deutschland-finanzieren.md,
https://www.transportenvironment.org/articles/double-or-quits-for-climate-president-von-der-leyen,Double or quits for climate president Von der Leyen,2024-05-31T13:34:00,Op-ed,included,double-or-quits-for-climate-president-von-der-leyen.md,
https://www.transportenvironment.org/articles/e-fuels-observatory-for-shipping,E-Fuels observatory for shipping,2024-06-03T05:00:00,Briefing,included,e-fuels-observatory-for-shipping.md,
https://www.transportenvironment.org/te-france/articles/euro-2024-les-equipes-peuvent-reduire-leurs-emissions-de-60-en-evitant-de-prendre-lavion,Euro 2024 : Les équipes peuvent réduire leurs émissions de 60% en évitant de prendre l'avion,2024-06-04T00:00:00,Briefing,included,euro-2024-les-quipes-peuvent-r-duire-leurs-missions-de-60-en-vitant-de-prendre-l.md,
https://www.transportenvironment.org/te-france/articles/lhuile-de-cuisson-du-carburant-miracle-a-la-crainte-de-la-fraude,"L'huile de cuisson usagée, du carburant miracle à la crainte de la fraude",2024-06-18T00:00:00,Briefing,included,l-huile-de-cuisson-usag-e-du-carburant-miracle-la-crainte-de-la-fraude.md,
https://www.transportenvironment.org/articles/uco-unknown-cooking-oil-high-hopes-on-limited-and-suspicious-materials,UCO (Unknown Cooking Oil): High hopes on limited and suspicious materials,2024-06-18T00:01:00,Report,included,uco-unknown-cooking-oil-high-hopes-on-limited-and-suspicious-materials.md,
https://www.transportenvironment.org/articles/making-the-eu-single-market-work-for-the-green-deal,Making the EU single market work for the Green Deal,2024-06-24T00:00:00,Briefing,included,making-the-eu-single-market-work-for-the-green-deal.md,
https://www.transportenvironment.org/te-france/articles/les-particules-ultrafines-des-avions-font-peser-un-risque-sur-la-sante-de-11-millions-de-francais,Les particules ultrafines des avions font peser un risque sur la santé de 11 millions de Français,2024-06-25T00:01:00,Report,included,les-particules-ultrafines-des-avions-font-peser-un-risque-sur-la-sant-de-11-mill.md,
https://www.transportenvironment.org/articles/how-sustainable-are-advanced-and-waste-biofuels,How sustainable are advanced and waste biofuels?,2024-07-01T09:30:00,Report,included,how-sustainable-are-advanced-and-waste-biofuels.md,
https://www.transportenvironment.org/articles/cleaning-up-steel-in-cars-why-and-how,Cleaning up steel in cars: why and how?,2024-07-10T00:00:00,Report,included,cleaning-up-steel-in-cars-why-and-how.md,
https://www.transportenvironment.org/articles/green-steel-can-cut-climate-impact-of-car-production-for-just-eur57-a-vehicle,Green steel can cut climate impact of car production for just €57 a vehicle,2024-07-10T07:00:00,Press release,dropped_duplicate,,gr-ner-stahl-kann-die-klimaauswirkungen-der-autoproduktion-f-r-nur-57-euro-pro-a.md
https://www.transportenvironment.org/te-deutschland/articles/gruener-stahl-kann-klimaauswirkungen-verringern,Grüner Stahl kann die Klimaauswirkungen der Autoproduktion für nur 57 Euro pro Auto verringern,2024-07-10T07:45:00,Press release,included,gr-ner-stahl-kann-die-klimaauswirkungen-der-autoproduktion-f-r-nur-57-euro-pro-a.md,
https://www.transportenvironment.org/articles/how-eu-states-can-tackle-unsustainable-biofuels-and-promote-cleaner-alternatives,How EU states can tackle unsustainable biofuels and promote cleaner alternatives?,2024-09-02T17:00:00,Briefing,included,how-eu-states-can-tackle-unsustainable-biofuels-and-promote-cleaner-alternatives.md,
https://www.transportenvironment.org/articles/e-kerosene-providers-call-upon-the-german-government-to-keep-the-countrys-quotas-for-green-jet-fuel,E-kerosene providers call upon the German government to keep the country's quotas for green jet fuel,2024-09-16T00:00:00,Letter,included,e-kerosene-providers-call-upon-the-german-government-to-keep-the-country-s-quota.md,
https://www.transportenvironment.org/articles/joint-call-for-an-eu-wide-vehicle-environmental-score-to-support-the-industrial-transition,Joint call for an EU-wide vehicle environmental score to support the industrial transition,2024-09-25T00:30:00,Letter,included,joint-call-for-an-eu-wide-vehicle-environmental-score-to-support-the-industrial-.md,
https://www.transportenvironment.org/articles/what-draghi-didnt-say-how-to-do-industrial-strategy-when-your-own-industry-is-sabotaging-it,What Draghi didn't say,2024-09-30T17:30:00,Op-ed,included,what-draghi-didn-t-say.md,
https://www.transportenvironment.org/articles/implementing-the-eus-e-saf-mandate,Implementing the EU's e-SAF mandate,2024-10-01T15:49:00,Briefing,included,implementing-the-eu-s-e-saf-mandate.md,
https://www.transportenvironment.org/articles/rail-and-clean-industry-players-join-forces-with-ngos-to-call-for-the-introduction-of-a-fuel-tax-for-planes-and-ships,Rail and clean industry players join forces with NGOs to call for the introduction of a fuel tax for planes and ships,2024-10-18T00:00:00,Letter,included,rail-and-clean-industry-players-join-forces-with-ngos-to-call-for-the-introducti.md,
https://www.transportenvironment.org/articles/te-response-to-the-public-consultation-on-the-flight-emissions-label,T&E response to the public consultation on the Flight Emissions Label,2024-10-21T18:07:00,Consultation response,included,t-e-response-to-the-public-consultation-on-the-flight-emissions-label.md,
https://www.transportenvironment.org/articles/sustainable-fuels-criteria,IMO and sustainable fuels criteria,2024-10-24T14:11:00,Briefing,included,imo-and-sustainable-fuels-criteria.md,
https://www.transportenvironment.org/articles/t-e-position-paper-on-the-end-of-life-vehicles-regulation,T&E position paper on the End-of-life Vehicles Regulation,2024-10-30T17:56:00,Briefing,included,t-e-position-paper-on-the-end-of-life-vehicles-regulation.md,
https://www.transportenvironment.org/articles/what-investments-are-needed-for-sustainable-transport-in-the-eu,What investments are needed to green Europe's transport sector?,2024-11-04T00:01:00,Report,included,what-investments-are-needed-to-green-europe-s-transport-sector.md,
https://www.transportenvironment.org/articles/t-es-take-on-the-eu-transport-commissioners-hearing,T&E's take on the EU Transport Commissioner's hearing,2024-11-04T16:03:00,News,included,t-e-s-take-on-the-eu-transport-commissioner-s-hearing.md,
https://www.transportenvironment.org/articles/contrail-avoidance,Contrail avoidance: aviation's climate opportunity of the decade,2024-11-13T00:00:00,Briefing,dropped_duplicate,,aviation-r-duire-l-impact-climatique-des-tra-n-es-de-condensation-co-terait-moin.md
https://www.transportenvironment.org/te-france/articles/aviation-reduire-limpact-climatique-des-trainees-de-condensation-couterait-moins-de-4-euros-par-vol,Aviation : Réduire l'impact climatique des traînées de condensation coûterait moins de 4 euros par vol,2024-11-13T00:30:00,Briefing,included,aviation-r-duire-l-impact-climatique-des-tra-n-es-de-condensation-co-terait-moin.md,
https://www.transportenvironment.org/articles/aviation-international-scientists-warn-of-warming-impact-of-contrails-and-risks-of-delaying-action,Aviation: International scientists warn of warming impact of contrails and risks of delaying action,2024-11-20T00:00:00,Letter,included,aviation-international-scientists-warn-of-warming-impact-of-contrails-and-risks-.md,
https://www.transportenvironment.org/te-france/articles/aviation-des-scientifiques-internationaux-mettent-en-garde-contre-limpact-climatique-des-trainees-de-condensation-et-appellent-a-laction,Aviation : Des scientifiques internationaux mettent en garde contre l'impact climatique des traînées de condensation et appellent à l'action,2024-11-20T11:59:00,Letter,dropped_duplicate,,aviation-international-scientists-warn-of-warming-impact-of-contrails-and-risks-.md
https://www.transportenvironment.org/articles/fuels-for-cars-a-dead-end-for-industry-consumers-and-the-environment,"Fuels for cars: a dead end for industry, consumers and the environment",2024-11-27T20:11:00,Briefing,included,fuels-for-cars-a-dead-end-for-industry-consumers-and-the-environment.md,
https://www.transportenvironment.org/articles/coming-soon-your-european-train-ticket-with-just-one-click,Coming soon: Your European train ticket with just one click,2024-11-28T14:52:00,Op-ed,included,coming-soon-your-european-train-ticket-with-just-one-click.md,
https://www.transportenvironment.org/articles/airline-ranking-only-10-airlines-have-serious-plans-to-transition-to-green-fuels,Airline ranking: only 10 airlines have serious plans to transition to green fuels,2024-12-03T00:00:00,Press release,dropped_duplicate,,seulement-10-compagnies-a-riennes-dont-air-france-klm-investissent-s-rieusement-.md
https://www.transportenvironment.org/te-france/articles/seulement-10-compagnies-aeriennes-dont-air-france-klm-investissent-serieusement-dans-les-carburants-alternatifs,"Seulement 10 compagnies aériennes, dont Air France-KLM, investissent sérieusement dans les carburants alternatifs",2024-12-03T00:30:00,Briefing,included,seulement-10-compagnies-a-riennes-dont-air-france-klm-investissent-s-rieusement-.md,
https://www.transportenvironment.org/te-deutschland/articles/oelkonzerne-und-fluggesellschaften-verschleppen-investitionen-in-e-kerosin,Ölkonzerne und Fluggesellschaften verschleppen Investitionen in E-Kerosin,2024-12-03T08:29:00,Press release,included,lkonzerne-und-fluggesellschaften-verschleppen-investitionen-in-e-kerosin.md,
https://www.transportenvironment.org/articles/building-back-better-ukraines-transport-infrastructure,Building back better: Ukraine's transport infrastructure,2024-12-04T00:00:00,Report,included,building-back-better-ukraine-s-transport-infrastructure.md,
https://www.transportenvironment.org/te-france/articles/trenitalia-classee-meilleure-compagnie-ferroviaire-deurope-eurostar-en-derniere-position,"Trenitalia classée meilleure compagnie ferroviaire d'Europe, Eurostar en dernière position",2024-12-09T00:30:00,Report,included,trenitalia-class-e-meilleure-compagnie-ferroviaire-d-europe-eurostar-en-derni-re.md,
https://www.transportenvironment.org/articles/uco,Used Cooking Oil: The Certified Unknown,2024-12-11T05:00:00,News,included,used-cooking-oil-the-certified-unknown.md,
https://www.transportenvironment.org/articles/carbon-market-revenues-can-fund-green-fuels-for-shipping-and-aviation,Carbon market revenues can fund green fuels for shipping and aviation,2024-12-16T14:22:00,Report,included,carbon-market-revenues-can-fund-green-fuels-for-shipping-and-aviation.md,
https://www.transportenvironment.org/articles/reducing-emissions-from-non-road-mobile-machinery,Reducing emissions from non-road mobile machinery,2024-12-19T15:44:00,Briefing,included,reducing-emissions-from-non-road-mobile-machinery.md,
https://www.transportenvironment.org/articles/green-aviations-make-or-break-moment,Green aviation's make or break moment,2024-12-20T00:00:00,Op-ed,included,green-aviation-s-make-or-break-moment.md,
https://www.transportenvironment.org/articles/make-buy-protect-europe,"Make, buy, protect Europe",2024-12-20T00:00:00,Op-ed,included,make-buy-protect-europe.md,
https://www.transportenvironment.org/articles/aviation-fuels-and-emissions-trading-t-e-consultation-response,Aviation fuels and emissions trading - T&E consultation response,2025-01-08T15:24:00,Consultation response,included,aviation-fuels-and-emissions-trading-t-e-consultation-response.md,
https://www.transportenvironment.org/articles/aviation-industry-plans-for-growth-irreconcilable-with-europes-climate-goals,Aviation industry plans for growth 'irreconcilable' with Europe's climate goals,2025-01-13T00:00:00,Press release,included,aviation-industry-plans-for-growth-irreconcilable-with-europe-s-climate-goals.md,
https://www.transportenvironment.org/articles/down-to-earth,Down to earth,2025-01-13T00:00:00,Report,included,down-to-earth.md,
https://www.transportenvironment.org/te-france/articles/la-croissance-du-transport-aerien-aneantira-les-objectifs-climatiques-du-secteur,La croissance du transport aérien anéantira les objectifs climatiques du secteur,2025-01-13T00:30:00,Report,included,la-croissance-du-transport-a-rien-an-antira-les-objectifs-climatiques-du-secteur.md,
https://www.transportenvironment.org/te-deutschland/articles/agenda-klimaneutraler-luftverkehr,Agenda klimaneutraler Luftverkehr,2025-01-16T14:18:00,Press release,included,agenda-klimaneutraler-luftverkehr.md,
https://www.transportenvironment.org/te-france/articles/quel-avenir-fiscal-pour-le-score-environnemental-eco-score,Quel avenir fiscal pour le score environnemental (éco-score) ?,2025-01-27T15:50:00,Briefing,included,quel-avenir-fiscal-pour-le-score-environnemental-co-score.md,
https://www.transportenvironment.org/articles/how-to-take-the-risk-out-of-hydrogen-investments,How to take the risk out of hydrogen investments,2025-02-03T18:30:00,Op-ed,included,how-to-take-the-risk-out-of-hydrogen-investments.md,
https://www.transportenvironment.org/articles/joint-letter-for-the-clean-industrial-deal-to-deliver-on-decarbonisation-and-competitiveness,Joint letter for the Clean Industrial Deal to deliver on decarbonisation and competitiveness,2025-02-05T00:30:00,Letter,included,joint-letter-for-the-clean-industrial-deal-to-deliver-on-decarbonisation-and-com.md,
https://www.transportenvironment.org/articles/t-e-shipping-and-aviation-industry-jointly-call-for-urgent-action-to-ramp-up-clean-fuel-production,"T&E, shipping and aviation industry jointly call for urgent action to ramp up clean fuel production",2025-02-13T00:00:00,Press release,included,t-e-shipping-and-aviation-industry-jointly-call-for-urgent-action-to-ramp-up-cle.md,
https://www.transportenvironment.org/articles/a-european-hydrogen-clearing-house-for-green-maritime-and-aviation-e-fuels,A European Hydrogen Clearing House for green maritime and aviation e-fuels,2025-02-13T18:57:00,Briefing,included,a-european-hydrogen-clearing-house-for-green-maritime-and-aviation-e-fuels.md,
https://www.transportenvironment.org/articles/ngos-waste-managers-and-recyclers-urge-policy-makers-to-stick-with-ambitious-targets-of-recycled-plastics-in-new-cars,"NGOs, waste managers and recyclers urge policy makers to stick with ambitious targets for recycled plastics in new cars",2025-02-14T17:52:00,Letter,included,ngos-waste-managers-and-recyclers-urge-policy-makers-to-stick-with-ambitious-tar.md,
https://www.transportenvironment.org/articles/un-shipping-bodys-green-fuels-law-could-worsen-the-sectors-climate-impact-study,UN shipping body's green fuels law could worsen the sector's climate impact - study,2025-02-17T04:00:00,Press release,included,un-shipping-body-s-green-fuels-law-could-worsen-the-sector-s-climate-impact-stud.md,
https://www.transportenvironment.org/articles/shipping-companies-call-for-limits-on-biofuels-in-shipping,Shipping companies call for limits on biofuels in shipping,2025-02-17T04:00:00,Letter,included,shipping-companies-call-for-limits-on-biofuels-in-shipping.md,
https://www.transportenvironment.org/articles/imo-fuelling-deforestation,IMO: Fuelling deforestation,2025-02-17T05:00:00,Report,included,imo-fuelling-deforestation.md,
https://www.transportenvironment.org/articles/t-e-and-70-aviation-industry-actors-call-upon-the-european-commission-to-support-e-saf-production,T&E and 70+ aviation industry actors call upon the European Commission to support e-SAF production,2025-02-18T00:00:00,Letter,included,t-e-and-70-aviation-industry-actors-call-upon-the-european-commission-to-support.md,
https://www.transportenvironment.org/articles/eu-commissions-state-aid-plans-fail-to-deliver-for-cleantech,EU Commission's State Aid plans fail to deliver for cleantech,2025-02-20T05:00:00,Briefing,included,eu-commission-s-state-aid-plans-fail-to-deliver-for-cleantech.md,
https://www.transportenvironment.org/articles/airbus-hydrogen-plane-crash-time-for-a-reality-check,Airbus' hydrogen plane crash - time for a reality check,2025-02-21T13:42:00,Op-ed,included,airbus-hydrogen-plane-crash-time-for-a-reality-check.md,
https://www.transportenvironment.org/articles/eu-plans-to-boost-green-aviation-and-shipping-fuels-but-sends-worrying-signal-on-2040-climate-goal,"EU plans to boost green aviation and shipping fuels, but sends worrying signal on 2040 climate goal",2025-02-26T14:04:00,Press release,included,eu-plans-to-boost-green-aviation-and-shipping-fuels-but-sends-worrying-signal-on.md,
https://www.transportenvironment.org/te-france/articles/reaction-de-t-e-au-pacte-pour-une-industrie-propre-et-a-la-proposition-dite-omnibus,"Réaction de T&E au Pacte pour une industrie propre et à la proposition dite ""Omnibus""",2025-02-26T16:34:00,Press release,included,r-action-de-t-e-au-pacte-pour-une-industrie-propre-et-la-proposition-dite-omnibu.md,
https://www.transportenvironment.org/te-deutschland/articles/neue-analyse-bundesregierung-ignoriert-steigende-luftverkehr-emissionen,Neue Analyse: Bundesregierung ignoriert steigende Luftverkehr-Emissionen,2025-03-14T07:30:00,Press release,included,neue-analyse-bundesregierung-ignoriert-steigende-luftverkehr-emissionen.md,
https://www.transportenvironment.org/state-of-european-transport/state-of-transport-2025,State of Transport 2025,2025-03-18T07:46:00,News,included,state-of-transport-2025.md,
https://www.transportenvironment.org/articles/people-do-not-want-to-get-from-a-to-b,People do not simply want to get from A to B,2025-03-31T11:52:00,Op-ed,included,people-do-not-simply-want-to-get-from-a-to-b.md,
https://www.transportenvironment.org/te-france/articles/voyages-daffaires-les-emissions-des-grandes-entreprises-mondiales-ont-recule-dun-tiers-entre-2019-et-2023,Voyages d'affaires : les émissions des grandes entreprises mondiales ont reculé d'un tiers entre 2019 et 2023,2025-04-01T00:30:00,Press release,included,voyages-d-affaires-les-missions-des-grandes-entreprises-mondiales-ont-recul-d-un.md,
https://www.transportenvironment.org/articles/corporate-travel-reduced-by-a-third-on-2019-levels-despite-increased-flying-by-merck-bosch-and-jpmorgan-chase,"Corporate travel reduced by a third on 2019 levels despite increased flying by Merck, Bosch and JPMorgan Chase",2025-04-01T00:30:00,Press release,dropped_duplicate,,voyages-d-affaires-les-missions-des-grandes-entreprises-mondiales-ont-recul-d-un.md
https://www.transportenvironment.org/articles/why-international-shipping-needs-a-global-carbon-levy-and-a-global-fuel-standard,Why international shipping needs a global carbon levy AND a global fuel standard,2025-04-08T11:24:00,Op-ed,included,why-international-shipping-needs-a-global-carbon-levy-and-a-global-fuel-standard.md,
https://www.transportenvironment.org/articles/setting-recycled-content-targets-for-steel-under-the-elv-regulation,Setting recycled-content targets for steel under the ELV Regulation,2025-04-09T00:00:00,Report,included,setting-recycled-content-targets-for-steel-under-the-elv-regulation.md,
https://www.transportenvironment.org/articles/palm-oil-in-disguise,Palm oil in disguise?,2025-04-09T00:01:00,Report,included,palm-oil-in-disguise.md,
https://www.transportenvironment.org/articles/renewable-diesel-likely-contains-fraudulent-palm-oil-study,'Renewable diesel' sold by oil majors most likely contains fraudulent palm oil - study,2025-04-09T00:01:00,Press release,included,renewable-diesel-sold-by-oil-majors-most-likely-contains-fraudulent-palm-oil-stu.md,
https://www.transportenvironment.org/articles/un-shipping-agreement-a-victory-for-multilateralism-but-a-failure-for-the-climate,UN shipping agreement a victory for multilateralism but a failure for the climate,2025-04-11T13:49:00,Press release,included,un-shipping-agreement-a-victory-for-multilateralism-but-a-failure-for-the-climat.md,
https://www.transportenvironment.org/te-france/articles/laviation-europeenne-emet-presque-autant-de-co2-quavant-le-covid,L'aviation européenne émet presque autant de CO2 qu'avant le Covid,2025-04-28T00:01:00,Press release,included,l-aviation-europ-enne-met-presque-autant-de-co2-qu-avant-le-covid.md,
https://www.transportenvironment.org/articles/airline-emissions-soar-to-pre-covid-levels,Airline emissions soar to pre-COVID levels as Europe fails to price their pollution,2025-04-28T00:03:00,Press release,included,airline-emissions-soar-to-pre-covid-levels-as-europe-fails-to-price-their-pollut.md,
https://www.transportenvironment.org/articles/how-to-defuse-the-eus-carbon-tax-time-bomb,How to defuse the EU's carbon tax time bomb,2025-04-30T11:37:00,Op-ed,included,how-to-defuse-the-eu-s-carbon-tax-time-bomb.md,
https://www.transportenvironment.org/articles/how-to-close-the-afif-funding-gap-in-2026-2027,How to close the AFIF funding gap in 2026/2027,2025-05-27T00:00:00,Briefing,included,how-to-close-the-afif-funding-gap-in-2026-2027.md,
https://www.transportenvironment.org/topics/climate-instruments/ets-2,ETS2 - a €300bn opportunity to help transition European citizens away from fossil fuels and imported oil,2025-06-03T00:00:00,News,included,ets2-a-300bn-opportunity-to-help-transition-european-citizens-away-from-fossil-f.md,
https://www.transportenvironment.org/articles/unlocking-e-safs-potential-for-the-eu-competitiveness-and-energy-independence,Unlocking e-SAF's potential for the EU competitiveness and energy independence,2025-06-06T13:11:00,Briefing,included,unlocking-e-saf-s-potential-for-the-eu-competitiveness-and-energy-independence.md,
https://www.transportenvironment.org/articles/ocean-protection-means-including-shipping-in-countries-paris-climate-targets,Ocean protection means including shipping in countries' Paris climate targets,2025-06-09T05:00:00,Press release,included,ocean-protection-means-including-shipping-in-countries-paris-climate-targets.md,
https://www.transportenvironment.org/te-france/articles/la-faible-innovation-dans-laerien-risque-de-ralentir-la-decarbonation-de-laviation,La faible innovation dans l'aérien risque de ralentir la décarbonation de l'aviation,2025-06-11T00:30:00,Briefing,included,la-faible-innovation-dans-l-a-rien-risque-de-ralentir-la-d-carbonation-de-l-avia.md,
https://www.transportenvironment.org/topics/planes/saf-observatory/spotlight-on-e-kerosene,Spotlight on e-SAF,2025-06-16T00:30:00,News,included,spotlight-on-e-saf.md,
https://www.transportenvironment.org/te-france/articles/aviation-leurope-et-la-france-risquent-de-perdre-leur-avance-dans-les-carburants-de-synthese,Aviation : L'Europe et la France risquent de perdre leur avance dans les carburants de synthèse,2025-06-16T00:30:00,Report,dropped_duplicate,,the-aviation-industry-and-the-stall-in-aircraft-innovation.md
https://www.transportenvironment.org/articles/europe-risks-losing-its-early-e-fuels-lead-for-aviation-study-warns,"Europe risks losing its early e-fuels lead for aviation, study warns",2025-06-16T01:00:00,Press release,dropped_duplicate,,the-aviation-industry-and-the-stall-in-aircraft-innovation.md
https://www.transportenvironment.org/te-deutschland/articles/e-fuels-fuer-die-luftfahrt-europa-laeuft-gefahr-vorsprung-zu-verlieren,"E-Fuels für die Luftfahrt: Europa läuft Gefahr, Vorsprung zu verlieren",2025-06-16T07:55:00,Press release,included,e-fuels-f-r-die-luftfahrt-europa-l-uft-gefahr-vorsprung-zu-verlieren.md,
https://www.transportenvironment.org/articles/the-stall-in-aircraft-innovation,The aviation industry and the stall in aircraft innovation,2025-06-18T00:00:00,Briefing,included,the-aviation-industry-and-the-stall-in-aircraft-innovation.md,
https://www.transportenvironment.org/articles/weak-aircraft-innovation-undercutting-aviations-green-transition,Weak aircraft innovation undercutting aviation's green transition,2025-06-18T01:00:00,Press release,dropped_duplicate,,the-aviation-industry-and-the-stall-in-aircraft-innovation.md
https://www.transportenvironment.org/articles/open-letter-e-saf-tender-funded-by-national-governments-to-unlock-the-first-projects-in-europe,Open letter: E-SAF tender funded by national governments to unlock the first projects in Europe,2025-06-23T16:37:00,Letter,included,open-letter-e-saf-tender-funded-by-national-governments-to-unlock-the-first-proj.md,
https://www.transportenvironment.org/articles/which-fuels-should-the-eu-back-for-shipping,Which fuels should the EU back for shipping?,2025-06-23T18:22:00,Briefing,included,which-fuels-should-the-eu-back-for-shipping.md,
https://www.transportenvironment.org/articles/the-state-of-the-eus-rail-infrastructure,The State of the EU's Rail Infrastructure,2025-06-24T00:00:00,Report,included,the-state-of-the-eu-s-rail-infrastructure.md,
https://www.transportenvironment.org/articles/eu-rules-out-production-aid-in-blow-to-battery-and-cleantech-industry,EU rules out production aid in blow to battery and cleantech industry,2025-06-25T14:08:00,Press release,included,eu-rules-out-production-aid-in-blow-to-battery-and-cleantech-industry.md,
https://www.transportenvironment.org/articles/eus-reliance-on-carbon-credits-risks-making-a-paper-tiger-of-europes-climate-efforts,EU's reliance on carbon credits risks making a 'paper tiger' of Europe's climate efforts,2025-07-02T12:19:00,Press release,included,eu-s-reliance-on-carbon-credits-risks-making-a-paper-tiger-of-europe-s-climate-e.md,
https://www.transportenvironment.org/te-france/articles/climat-lobjectif-2040-de-lue-serieusement-affaibli-par-le-recours-aux-credits-carbone,Climat : L'objectif 2040 de l'UE sérieusement affaibli par le recours aux crédits carbone,2025-07-02T17:22:00,Press release,included,climat-l-objectif-2040-de-l-ue-s-rieusement-affaibli-par-le-recours-aux-cr-dits-.md,
https://www.transportenvironment.org/articles/shipping-is-flying-the-flag-for-multilateral-climate-action-why-arent-we-celebrating-yet,Shipping is flying the flag for multilateral climate action: why aren't we celebrating yet?,2025-07-04T15:03:00,Op-ed,included,shipping-is-flying-the-flag-for-multilateral-climate-action-why-aren-t-we-celebr.md,
https://www.transportenvironment.org/articles/buying-electric-shippers-to-zero-emission-trucking,Buying electric,2025-07-14T10:00:00,Report,included,buying-electric.md,
https://www.transportenvironment.org/articles/towards-2040-a-strengthened-ets-to-support-the-transition-of-the-shipping-sector,Towards 2040: a strengthened ETS to support the transition of the shipping sector,2025-07-14T11:00:00,Consultation response,included,towards-2040-a-strengthened-ets-to-support-the-transition-of-the-shipping-sector.md,
https://www.transportenvironment.org/articles/transport-decarbonisation-is-a-lever-for-industrial-competitiveness-but-the-eu-budget-fails-to-capitalise-on-it-2,Transport decarbonisation is a lever for industrial competitiveness but the EU budget fails to capitalise on it,2025-07-16T17:40:00,Press release,included,transport-decarbonisation-is-a-lever-for-industrial-competitiveness-but-the-eu-b.md,
https://www.transportenvironment.org/articles/countries-to-include-contrails-in-climate-plans-legal-advice,"Countries obliged to include aviation contrails in climate plans under Paris Agreement, new legal advice shows",2025-08-28T00:00:00,Press release,included,countries-obliged-to-include-aviation-contrails-in-climate-plans-under-paris-agr.md,
https://www.transportenvironment.org/te-france/articles/climat-les-etats-doivent-prendre-en-compte-les-trainees-de-condensation-pour-respecter-laccord-de-paris-selon-une-nouvelle-analyse-juridique,"Climat : les Etats doivent prendre en compte les traînées de condensation pour respecter l'Accord de Paris, selon une nouvelle analyse juridique",2025-08-28T00:30:00,Publication,included,climat-les-etats-doivent-prendre-en-compte-les-tra-n-es-de-condensation-pour-res.md,
https://www.transportenvironment.org/articles/which-carmakers-are-leading-the-way-on-green-steel,Which carmakers are leading the way on green steel?,2025-09-04T00:01:00,Report,included,which-carmakers-are-leading-the-way-on-green-steel.md,
https://www.transportenvironment.org/articles/volvo-leading-the-way-on-green-chassis-by-focusing-on-cleaner-steel,Volvo leading the way on green chassis by focusing on cleaner steel,2025-09-04T00:01:00,Press release,included,volvo-leading-the-way-on-green-chassis-by-focusing-on-cleaner-steel.md,
https://www.transportenvironment.org/te-deutschland/articles/deutsche-autoindustrie-hat-nachholbedarf-bei-gruenem-stahl-volvo-an-der-spitze,Deutsche Autoindustrie hat Nachholbedarf bei grünem Stahl – Volvo an der Spitze,2025-09-04T07:30:00,Press release,included,deutsche-autoindustrie-hat-nachholbedarf-bei-gr-nem-stahl-volvo-an-der-spitze.md,
https://www.transportenvironment.org/articles/ev-progress-report-2025,EV progress report: Which EU carmakers are on track for 2025-27 targets?,2025-09-08T00:01:00,Report,included,ev-progress-report-which-eu-carmakers-are-on-track-for-2025-27-targets.md,
https://www.transportenvironment.org/articles/unlocking-e-fuels-for-aviation-and-shipping-and-clean-transport-infrastructure,Unlocking e-fuels for aviation and shipping and clean transport infrastructure,2025-09-09T08:00:00,Briefing,included,unlocking-e-fuels-for-aviation-and-shipping-and-clean-transport-infrastructure.md,
https://www.transportenvironment.org/articles/driving-change-creating-the-eus-ambitious-2040-climate-commitment,Driving Change: Creating the EU's Ambitious 2040 Climate Commitment,2025-09-09T17:39:00,Consultation response,included,driving-change-creating-the-eu-s-ambitious-2040-climate-commitment.md,
https://www.transportenvironment.org/articles/european-aviation-spending-billions-on-offsetting-schemes,European aviation set to spend billions on offsetting schemes,2025-09-22T15:00:00,Briefing,included,european-aviation-set-to-spend-billions-on-offsetting-schemes.md,
https://www.transportenvironment.org/articles/blue-threat-can-eu-hydrogen-policy-stay-green,Blue threat: will the EU's hydrogen policy stay green?,2025-09-23T08:00:00,Briefing,included,blue-threat-will-the-eu-s-hydrogen-policy-stay-green.md,
https://www.transportenvironment.org/te-deutschland/articles/e-fuels-als-schluessel-fuer-deutschlands-wettbewerbsfaehigkeit-und-industrielle-fuehrungsrolle,E-Fuels als Schlüssel für Deutschlands Wettbewerbsfähigkeit und industrielle Führungsrolle,2025-09-24T00:10:00,Open letter,included,e-fuels-als-schl-ssel-f-r-deutschlands-wettbewerbsf-higkeit-und-industrielle-f-h.md,
https://www.transportenvironment.org/articles/joint-letter-for-eu-rail-legislation-to-deliver-on-ticket-affordability-and-passenger-rights,"Youth, consumer and environmental NGOs call on the EU to improve rail ticket booking",2025-09-29T00:30:00,Letter,included,youth-consumer-and-environmental-ngos-call-on-the-eu-to-improve-rail-ticket-book.md,
https://www.transportenvironment.org/articles/bend-or-break-time-for-europes-2035-car-co2-rules,Bend or break time for Europe's 2035 car CO2 rules,2025-10-01T14:01:00,Op-ed,included,bend-or-break-time-for-europe-s-2035-car-co2-rules.md,
https://www.transportenvironment.org/te-france/articles/fiscalite-de-laerien-t-e-argumentaire-de-la-fnam-manque-credibilite,"Fiscalité de l'aérien : pour T&E, l'argumentaire de la Fnam manque de crédibilité",2025-10-02T13:00:00,Press release,included,fiscalit-de-l-a-rien-pour-t-e-l-argumentaire-de-la-fnam-manque-de-cr-dibilit.md,
https://www.transportenvironment.org/articles/carbon-leakage-in-the-aviation-sector-is-it-a-problem-and-if-so-what-can-be-done-to-address-it,Carbon leakage in the aviation sector: Is it a problem and if so what can be done to address it?,2025-10-06T00:00:00,Briefing,included,carbon-leakage-in-the-aviation-sector-is-it-a-problem-and-if-so-what-can-be-done.md,
https://www.transportenvironment.org/articles/leaked-car-industry-paper-carmakers-eu-demands-would-cut-ev-sales-in-half,Leaked car industry paper: carmakers' EU demands would cut EV sales in half,2025-10-08T14:12:00,Press release,included,leaked-car-industry-paper-carmakers-eu-demands-would-cut-ev-sales-in-half.md,
https://www.transportenvironment.org/articles/crop30-why-burning-food-for-land-hungry-biofuels-is-fueling-the-climate-crisis,CrOP30: Why burning food for land-hungry biofuels is fuelling the climate crisis,2025-10-09T00:01:00,Report,included,crop30-why-burning-food-for-land-hungry-biofuels-is-fuelling-the-climate-crisis.md,
https://www.transportenvironment.org/articles/green-shipping-fuel-producers-call-on-imo-to-seize-once-in-a-generation-opportunity,Green shipping fuel producers call on IMO to seize 'once-in-a-generation' opportunity,2025-10-13T05:00:00,Letter,included,green-shipping-fuel-producers-call-on-imo-to-seize-once-in-a-generation-opportun.md,
https://www.transportenvironment.org/articles/us-led-pressure-on-shipping-deal-an-attack-on-eu-sovereignty-says-t-e,"US-led pressure on shipping deal an attack on EU sovereignty, says T&E",2025-10-16T17:52:00,Press release,included,us-led-pressure-on-shipping-deal-an-attack-on-eu-sovereignty-says-t-e.md,
https://www.transportenvironment.org/articles/us-intimidation-leaves-future-of-shipping-uncertain-but-appetite-for-green-future-remains,US intimidation leaves future of shipping uncertain but appetite for green future remains,2025-10-17T16:44:00,Press release,included,us-intimidation-leaves-future-of-shipping-uncertain-but-appetite-for-green-futur.md,
https://www.transportenvironment.org/articles/ets2-reform-will-limit-price-spikes-and-make-redistribution-easier-says-t-e,"ETS2 reform will limit price spikes and make redistribution easier, says T&E",2025-10-22T11:11:00,Press release,included,ets2-reform-will-limit-price-spikes-and-make-redistribution-easier-says-t-e.md,
https://www.transportenvironment.org/te-france/articles/fiscalite-les-residents-doutre-mer-peuvent-etre-exoneres-de-taxe-sur-les-billets-davion-selon-une-nouvelle-analyse-juridique,"Fiscalité : les résidents d'Outre-mer peuvent être exonérés de taxe sur les billets d'avion, selon une nouvelle analyse juridique",2025-10-22T11:19:00,Report,included,fiscalit-les-r-sidents-d-outre-mer-peuvent-tre-exon-r-s-de-taxe-sur-les-billets-.md,
https://www.transportenvironment.org/articles/brazils-sustainable-fuels-pledge-is-dangerously-ambitious-and-risks-repeating-mistakes-of-the-past,Brazil's sustainable fuels pledge is dangerously ambitious and risks repeating mistakes of the past,2025-10-22T14:21:00,Op-ed,included,brazil-s-sustainable-fuels-pledge-is-dangerously-ambitious-and-risks-repeating-m.md,
https://www.transportenvironment.org/te-france/articles/poids-lourds-electriques-comment-transformer-lessai,Poids lourds électriques : comment transformer l'essai,2025-10-23T10:51:00,Briefing,included,poids-lourds-lectriques-comment-transformer-l-essai.md,
https://www.transportenvironment.org/articles/airlines-blame-taxes-fees-and-charges-the-data-says-otherwise,"Airlines blame taxes, fees and charges: The data says otherwise",2025-10-29T00:00:00,Report,included,airlines-blame-taxes-fees-and-charges-the-data-says-otherwise.md,
https://www.transportenvironment.org/te-deutschland/articles/standortkosten-beeinflussen-passagierzahlen-nur-begrenzt,Neue Studie: Standortkosten beeinflussen Passagierzahlen nur begrenzt,2025-10-29T00:30:00,Press release,included,neue-studie-standortkosten-beeinflussen-passagierzahlen-nur-begrenzt.md,
https://www.transportenvironment.org/articles/new-study-aviation-taxes-charges-and-fees-have-limited-impact-on-passenger-numbers,"New study: Aviation taxes, charges and fees have limited impact on passenger numbers",2025-10-29T08:00:00,Press release,included,new-study-aviation-taxes-charges-and-fees-have-limited-impact-on-passenger-numbe.md,
https://www.transportenvironment.org/articles/excessive-fossil-fuel-profits-should-be-taxed-and-given-back-to-citizens,Excessive fossil fuel profits should be taxed and given back to citizens,2025-10-30T00:30:00,Report,included,excessive-fossil-fuel-profits-should-be-taxed-and-given-back-to-citizens.md,
https://www.transportenvironment.org/articles/tax-fossil-fuel-profits-to-reduce-exposure-to-energy-price-spikes-or-end-subsidies-says-t-e,"Tax fossil fuel profits to reduce exposure to energy price spikes or end subsidies, says T&E",2025-10-30T00:30:00,Press release,included,tax-fossil-fuel-profits-to-reduce-exposure-to-energy-price-spikes-or-end-subsidi.md,
https://www.transportenvironment.org/articles/truckmakers-lobby-european-commission-to-weaken-their-emissions-targets-and-cut-zero-emission-truck-sales,Truckmakers lobby European Commission to weaken their emissions targets and cut zero emission truck sales,2025-10-30T17:00:00,Press release,included,truckmakers-lobby-european-commission-to-weaken-their-emissions-targets-and-cut-.md,
https://www.transportenvironment.org/articles/trumps-attack-on-un-shipping-deal-is-a-harbinger-of-whats-to-come-heres-how-countries-can-still-get-climate-action-done,Trump's attack on UN shipping deal is a harbinger of what's to come. Here's how countries can still get climate action done,2025-10-31T17:30:00,Op-ed,included,trump-s-attack-on-un-shipping-deal-is-a-harbinger-of-what-s-to-come-here-s-how-c.md,
https://www.transportenvironment.org/te-france/articles/la-fiscalite-de-laerien-et-les-divers-couts-par-aeroport-ont-un-faible-impact-sur-le-niveau-de-trafic,La fiscalité de l'aérien et les divers coûts par aéroport ont un faible impact sur le niveau de trafic,2025-11-04T14:49:00,Briefing,included,la-fiscalit-de-l-a-rien-et-les-divers-co-ts-par-a-roport-ont-un-faible-impact-su.md,
https://www.transportenvironment.org/articles/scientist_letter_biofuels,Scientists call on global leaders to limit crop biofuels ahead of COP30,2025-11-05T00:01:00,Press release,included,scientists-call-on-global-leaders-to-limit-crop-biofuels-ahead-of-cop30.md,
https://www.transportenvironment.org/articles/van-makers-want-to-slash-the-e-van-market-europe-can-boost-it-instead,Van makers want to slash the e-van market. Europe can boost it instead,2025-11-05T11:38:00,Op-ed,included,van-makers-want-to-slash-the-e-van-market-europe-can-boost-it-instead.md,
https://www.transportenvironment.org/articles/eu-transport-plan-sets-out-first-steps-to-boost-green-fuel-production-for-planes-and-ships,EU transport plan sets out first steps to boost green fuel production for planes and ships,2025-11-05T12:39:00,Press release,included,eu-transport-plan-sets-out-first-steps-to-boost-green-fuel-production-for-planes.md,
https://www.transportenvironment.org/articles/weakening-the-eu-2040-target-would-fail-to-deliver-clear-signal-to-businesses-and-consumers,Weakening the EU 2040 target would fail to deliver clear signal to businesses and consumers,2025-11-05T12:50:00,Press release,included,weakening-the-eu-2040-target-would-fail-to-deliver-clear-signal-to-businesses-an.md,
https://www.transportenvironment.org/articles/resourceeu-risks-becoming-a-rebranding-project-heres-what-it-needs-to-become-a-game-changer,ReSourceEU risks becoming a rebranding project. Here's what it needs to become a game changer,2025-11-07T14:52:00,Op-ed,included,resourceeu-risks-becoming-a-rebranding-project-here-s-what-it-needs-to-become-a-.md,
https://www.transportenvironment.org/articles/from-waste-to-value-driving-circularity-in-europe,From waste to value: Driving circularity in Europe,2025-11-12T00:00:00,Consultation response,included,from-waste-to-value-driving-circularity-in-europe.md,
https://www.transportenvironment.org/articles/economics-of-air-transport-in-europe,Economics of air transport in Europe,2025-11-13T00:00:00,Report,included,economics-of-air-transport-in-europe.md,
https://www.transportenvironment.org/te-france/articles/les-projets-dextension-des-aeroports-francais-incompatibles-avec-les-objectifs-climat-du-secteur-aerien,Les projets d'extension des aéroports français incompatibles avec les objectifs climat du secteur aérien,2025-11-13T00:30:00,Briefing,included,les-projets-d-extension-des-a-roports-fran-ais-incompatibles-avec-les-objectifs-.md,
https://www.transportenvironment.org/articles/new-analysis-debunks-the-assumption-that-air-passenger-growth-drives-economic-growth,New analysis debunks the assumption that air passenger growth drives economic growth,2025-11-13T00:30:00,Press release,included,new-analysis-debunks-the-assumption-that-air-passenger-growth-drives-economic-gr.md,
https://www.transportenvironment.org/te-deutschland/articles/analyse-mehr-flugverkehr-fuehrt-meist-nicht-zu-wirtschaftswachstum,Neue Analyse: Mehr Flugverkehr führt meist nicht zu Wirtschaftswachstum,2025-11-13T06:00:00,Press release,included,neue-analyse-mehr-flugverkehr-f-hrt-meist-nicht-zu-wirtschaftswachstum.md,
https://www.transportenvironment.org/articles/europes-affordable-car-project-needs-to-put-the-va-va-voom-into-small-evs,Europe's affordable car project needs to put the Va Va Voom into small EVs,2025-11-13T14:00:00,Op-ed,included,europe-s-affordable-car-project-needs-to-put-the-va-va-voom-into-small-evs.md,
https://www.transportenvironment.org/articles/ambitious-car-co2-standards-more-important-than-ever-after-lawmakers-vote-to-weaken-2040-target,Ambitious Car CO2 standards more important than ever after lawmakers vote to weaken 2040 target,2025-11-13T14:04:00,Press release,included,ambitious-car-co2-standards-more-important-than-ever-after-lawmakers-vote-to-wea.md,
https://www.transportenvironment.org/articles/making-the-industrial-accelerator-act-deliver-for-evs-and-batteries,Making the Industrial Accelerator Act deliver for EVs and batteries,2025-11-17T00:00:00,Briefing,included,making-the-industrial-accelerator-act-deliver-for-evs-and-batteries.md,
https://www.transportenvironment.org/articles/reducing-the-carbon-footprint-of-aluminium-in-cars-why-and-how,Reducing the carbon footprint of aluminium in cars: why and how?,2025-11-17T00:30:00,Report,included,reducing-the-carbon-footprint-of-aluminium-in-cars-why-and-how.md,
https://www.transportenvironment.org/articles/green-aluminium-could-make-evs-even-cleaner-for-just-eur25-study,Green aluminium could make EVs even cleaner for just €25 – study,2025-11-17T00:30:00,Press release,dropped_duplicate,,reducing-the-carbon-footprint-of-aluminium-in-cars-why-and-how.md
https://www.transportenvironment.org/te-deutschland/articles/gruenes-aluminium-koennte-e-autos-fuer-nur-25-euro-noch-umweltfreundlicher-machen,Grünes Aluminium könnte E-Autos für nur 25 Euro noch umweltfreundlicher machen,2025-11-17T06:00:00,Press release,dropped_duplicate,,reducing-the-carbon-footprint-of-aluminium-in-cars-why-and-how.md
https://www.transportenvironment.org/te-france/articles/camions-electriques-longue-distance-la-revolution-est-en-marche-dans-le-transport-routier,Camions électriques longue distance : la révolution est en marche dans le transport routier,2025-11-17T09:59:00,Briefing,included,camions-lectriques-longue-distance-la-r-volution-est-en-marche-dans-le-transport.md,
https://www.transportenvironment.org/articles/cant-stop-the-market-why-europe-should-embrace-lfp-batteries-sustainably,Can't stop the market: why Europe should embrace LFP batteries (sustainably),2025-11-18T10:20:00,Op-ed,included,can-t-stop-the-market-why-europe-should-embrace-lfp-batteries-sustainably.md,
https://www.transportenvironment.org/te-france/articles/leasing-automobile-le-credit-agricole-rehausse-son-ambition-en-faveur-de-lelectrique,Leasing automobile : le Crédit Agricole réhausse son ambition en faveur de l'électrique,2025-11-18T12:23:00,Press release,included,leasing-automobile-le-cr-dit-agricole-r-hausse-son-ambition-en-faveur-de-l-lectr.md,
https://www.transportenvironment.org/articles/if-done-right-eu-military-mobility-can-generate-clear-benefits-for-people-and-the-climate,"If done right, EU Military Mobility can generate clear benefits for people and the climate",2025-11-19T18:25:00,Press release,included,if-done-right-eu-military-mobility-can-generate-clear-benefits-for-people-and-th.md,
https://www.transportenvironment.org/articles/driving-best-practice-in-mining-waste-management,Driving best practice in mining waste management,2025-11-20T00:00:00,Report,included,driving-best-practice-in-mining-waste-management.md,
https://www.transportenvironment.org/articles/european-long-distance-passenger-transport-vat-gap-analysis,European long-distance passenger transport - VAT gap analysis,2025-11-20T15:36:00,Consultation response,included,european-long-distance-passenger-transport-vat-gap-analysis.md,
https://www.transportenvironment.org/te-france/articles/leurope-doit-favoriser-les-voitures-electriques-abordables-mais-sans-revenir-sur-ses-objectifs-en-matiere-de-securite-et-demissions,L'Europe doit favoriser les voitures électriques abordables - mais sans revenir sur ses objectifs en matière de sécurité et d'émissions,2025-11-21T12:57:00,Publication,included,l-europe-doit-favoriser-les-voitures-lectriques-abordables-mais-sans-revenir-sur.md,
